﻿Id;Label;lat;lng
Australia;Australia;-25.274399;133.775131
Austria;Austria;47.516232;14.550072
Azerbaijan;Azerbaijan;40.143105;47.576927
Bulgaria;Bulgaria;42.733883;25.485830
Canada;Canada;56.130367;-106.346771
Chile;Chile;-35.675148;-71.542969
China;China;35.861660;104.195396
Croatia;Croatia;45.099998;15.200000
Cyprus;Cyprus;35.126411;33.429859
Czech Republic;Czech Republic;49.817493;15.472962
Denmark;Denmark;56.263920;9.501785
Finland;Finland;61.924110;25.748152
France;France;46.227638;2.213749
Georgia;Georgia;32.165623;-82.900078
Germany;Germany;51.165691;10.451526
Hong Kong;Hong Kong;22.396427;114.109497
Hungary;Hungary;47.162495;19.503304
Ireland;Ireland;53.412910;-8.243890
Italy;Italy;41.871941;12.567380
Japan;Japan;36.204823;138.252930
Kazakhstan;Kazakhstan;48.019573;66.923683
Latvia;Latvia;56.879635;24.603189
Lithuania;Lithuania;55.169437;23.881275
Malta;Malta;35.937496;14.375416
Netherlands;Netherlands;52.132633;5.291266
New Zealand;New Zealand;-40.900558;174.885971
North Macedonia;North Macedonia;27.602079;-81.529083
Norway;Norway;60.472023;8.468946
Philippines;Philippines;12.879721;121.774017
Poland;Poland;51.919437;19.145136
Portugal;Portugal;39.399872;-8.224454
Qatar;Qatar;25.354826;51.183884
Korea;Korea;37.663998;127.978462
Russian Federation;Russian Federation;61.524010;105.318756
Saudi Arabia;Saudi Arabia;23.885942;45.079163
Serbia;Serbia;44.016521;21.005859
Singapore;Singapore;1.352083;103.819839
Slovakia;Slovakia;48.669025;19.699024
Spain;Spain;40.463669;-3.749220
Sweden;Sweden;60.128162;18.643501
Turkey;Turkey;38.963745;35.243320
United Arab Emirates;United Arab Emirates;23.424076;53.847816
United Kingdom;United Kingdom;55.378052;-3.435973
United States of America;United States of America;37.090240;-95.712891